*,3,15,0.3,0.0,0.0,0.0,0.00023120000000176333,920.86328125,47,10
*,3,15,0.3,0.0,0.0,0.0,0.0005692000000010466,920.94140625,45,10
*,3,15,0.3,0.0,0.0,0.0,0.0008320000000026084,920.94140625,43,10
*,3,15,0.3,0.0,0.0,0.0,0.0008896000000078175,920.94140625,51,10
*,3,15,0.3,0.0,0.0,0.0,0.0005889000000109945,920.94140625,50,10
*,3,15,0.3,0.0,0.0,0.0,0.00087019999999427,920.94140625,43,10
*,3,15,0.3,0.0,0.0,0.0,0.002498099999996839,920.94140625,43,10
*,3,15,0.3,0.0,0.0,0.0,0.0018357000000008838,920.94140625,42,10
*,3,15,0.3,0.0,0.0,0.0,0.002534400000001824,920.94140625,49,10
*,3,15,0.3,0.0,0.0,0.0,0.0010295000000013488,920.9453125,60,10
*,3,15,0.3,1.0,1.0,1.0,0.001619599999997945,920.9453125,40,10
*,3,15,0.3,1.0,1.0,1.0,0.0014951999999937016,920.9453125,53,10
*,3,15,0.3,1.0,1.0,1.0,0.0023454999999898973,920.9453125,48,10
*,3,15,0.3,1.0,1.0,1.0,0.0008590000000197051,920.9453125,47,10
*,3,15,0.3,1.0,1.0,1.0,0.002247600000004013,920.9453125,44,10
*,3,15,0.3,0.0,0.0,0.0,0.00021870000000490109,920.9609375,47,10
*,3,15,0.3,0.0,0.0,0.0,0.000486299999977291,920.9609375,45,10
*,3,15,0.3,0.0,0.0,0.0,0.0004940000000033251,920.9609375,43,10
*,3,15,0.3,0.0,0.0,0.0,0.00143049999996947,920.9609375,51,10
*,3,15,0.3,0.0,0.0,0.0,0.0014067000000181906,920.9609375,50,10
*,3,15,0.3,0.0,0.0,0.0,0.0023674000000255546,920.9609375,43,10
*,3,15,0.3,0.0,0.0,0.0,0.001954200000000128,920.9609375,43,10
*,3,15,0.3,0.0,0.0,0.0,0.002028800000005049,920.9609375,42,10
*,3,15,0.3,0.0,0.0,0.0,0.0024803000000019892,920.9609375,49,10
*,3,15,0.3,0.0,0.0,0.0,0.001038100000016584,920.9609375,60,10
*,3,15,0.3,1.0,1.0,1.0,0.0010844999999903848,920.9609375,40,10
*,3,15,0.3,1.0,1.0,1.0,0.0019163000000048669,920.9609375,53,10
*,3,15,0.3,1.0,1.0,1.0,0.0008767999999577114,920.9609375,48,10
*,3,15,0.3,1.0,1.0,1.0,0.0008722999999690728,920.9609375,47,10
*,3,15,0.3,1.0,1.0,1.0,0.0012564999999540305,920.9609375,44,10
*,3,15,0.3,0.0,0.0,0.0,0.0009942000000000561,952.96875,50,10
*,3,15,0.3,0.0,0.0,0.0,0.0001365999999993761,953.0390625,45,10
*,3,15,0.3,0.0,0.0,0.0,0.00036410000000053344,953.0390625,50,10
*,3,15,0.3,0.0,0.0,0.0,0.0013870000000011373,953.0390625,46,10
*,3,15,0.3,0.0,0.0,0.0,0.00030800000000041905,953.0390625,50,10
*,3,15,0.3,1.0,1.0,1.0,0.0016983000000010406,953.0390625,56,10
*,3,15,0.3,0.0,0.0,0.0,0.0012553999999980192,953.0390625,49,10
*,3,15,0.3,0.0,0.0,0.0,0.0013073000000005663,953.0390625,52,10
*,3,15,0.3,0.0,0.0,0.0,0.0007470999999981132,953.0390625,50,10
*,3,15,0.3,0.0,0.0,0.0,0.0012920000000065102,953.0390625,41,10
*,3,15,0.3,1.0,1.0,1.0,0.00378419999999835,953.0390625,49,10
*,3,15,0.3,1.0,1.0,1.0,0.0023906999999994127,953.0390625,39,10
*,3,15,0.3,1.0,1.0,1.0,0.002406800000002818,953.0390625,44,10
*,3,15,0.3,1.0,1.0,1.0,0.002210599999997953,953.0390625,48,10
*,3,15,0.3,1.0,1.0,1.0,0.0025352999999981307,953.0390625,47,10
*,3,150,0.3,0.0,0.0,0.0,0.00325299999985873,960.25,55,10
*,3,150,0.3,1.0,1.0,1.0,0.0016282999995382852,960.25390625,49,10
*,3,150,0.3,1.0,1.0,1.0,0.0014798000001974287,960.25390625,59,10
*,3,150,0.3,1.0,1.0,1.0,0.0015340999998443294,960.25390625,46,10
*,3,150,0.3,1.0,1.0,1.0,0.0015834999994694954,960.25390625,52,10
*,3,150,0.3,1.0,1.0,1.0,0.000815300000795105,960.25390625,36,10
*,3,150,0.3,1.0,1.0,1.0,0.0006771999996999511,960.25390625,46,10
*,3,150,0.3,1.0,1.0,1.0,0.0014908000002833433,960.25390625,47,10
*,3,150,0.3,1.0,1.0,1.0,0.0015379000005850685,960.25390625,57,10
*,3,150,0.3,1.0,1.0,1.0,0.0015933999993649195,960.25390625,53,10
*,3,150,0.3,0.0,0.0,0.0,0.0031205000004774774,960.25390625,50,10
*,3,150,0.3,0.0,0.0,0.0,0.0027885999998034094,960.25390625,45,10
*,3,150,0.3,1.0,1.0,1.0,0.0020815999996557366,960.25390625,60,10
*,3,150,0.3,1.0,1.0,1.0,0.0018927000000985572,960.25390625,47,10
*,3,150,0.3,1.0,1.0,1.0,0.0019733999997697538,960.25390625,54,10
*,3,150,0.3,1.0,1.0,1.0,0.0015917000000627013,960.25390625,53,10
*,3,150,0.3,0.0,0.0,0.0,0.0030522000006385497,960.25390625,48,10
*,3,150,0.3,1.0,1.0,1.0,0.001524500000414264,960.25390625,51,10
*,3,150,0.3,1.0,1.0,1.0,0.0006847000004199799,960.25390625,53,10
*,3,150,0.3,1.0,1.0,1.0,0.0016047999997681472,960.25390625,54,10
*,3,150,0.3,1.0,1.0,1.0,0.00268800000048941,960.25390625,50,10
*,3,150,0.3,1.0,1.0,1.0,0.0027697000004991423,960.25390625,51,10
*,3,150,0.3,1.0,1.0,1.0,0.0026037999996333383,960.25390625,55,10
*,3,150,0.3,1.0,1.0,1.0,0.002755000000433938,960.25390625,57,10
*,3,150,0.3,1.0,1.0,1.0,0.002741900000728492,960.25390625,53,10
*,3,150,0.3,1.0,1.0,1.0,0.0033500999998068437,960.25390625,51,10
*,3,150,0.3,1.0,1.0,1.0,0.003612499999690044,960.25390625,55,10
*,3,150,0.3,1.0,1.0,1.0,0.003590499999518215,960.25390625,52,10
*,3,150,0.3,1.0,1.0,1.0,0.003634700000475277,960.25390625,50,10
*,3,150,0.3,1.0,1.0,1.0,0.003678300000501622,960.25390625,49,10
*,3,150,0.3,1.0,1.0,1.0,0.00223679999999149,960.25390625,48,10
*,3,150,0.3,1.0,1.0,1.0,0.0023121000003811787,960.25390625,55,10
*,3,150,0.3,1.0,1.0,1.0,0.00220660000013595,960.25390625,52,10
*,3,150,0.3,1.0,1.0,1.0,0.002124999999978172,960.25390625,47,10
*,3,150,0.3,1.0,1.0,1.0,0.0019486000001052162,960.25390625,46,10
*,3,150,0.3,1.0,1.0,1.0,0.002526399999624118,960.25390625,44,10
*,3,150,0.3,1.0,1.0,1.0,0.0027839000003950787,960.25390625,51,10
*,3,150,0.3,1.0,1.0,1.0,0.0025226999996448285,960.25390625,40,10
*,3,150,0.3,1.0,1.0,1.0,0.0027307000000291737,960.25390625,46,10
*,3,150,0.3,1.0,1.0,1.0,0.002517900000384543,960.25390625,39,10
*,3,150,0.3,1.0,1.0,1.0,0.0030276000006779213,960.25390625,47,10
*,3,150,0.3,1.0,1.0,1.0,0.002929799999947136,960.25390625,43,10
*,3,150,0.3,1.0,1.0,1.0,0.0030557000000044354,960.25390625,48,10
*,3,150,0.3,1.0,1.0,1.0,0.0032095999995362945,960.25390625,50,10
*,3,150,0.3,1.0,1.0,1.0,0.003088400000706315,960.25390625,46,10
*,3,150,0.3,1.0,1.0,1.0,0.007351100000050792,960.25390625,45,10
*,3,150,0.3,1.0,1.0,1.0,0.008023999999750231,960.25390625,51,10
*,3,150,0.3,1.0,1.0,1.0,0.007611899999574234,960.25390625,43,10
*,3,150,0.3,1.0,1.0,1.0,0.007605599999806145,960.25390625,56,10
*,3,150,0.3,1.0,1.0,1.0,0.0073763999998845975,960.25390625,48,10
*,3,150,0.3,1.0,1.0,1.0,0.002688500000658678,960.25390625,43,10
*,3,150,0.3,0.0,0.0,0.0,0.0025498000004517962,960.25390625,40,10
*,3,150,0.3,1.0,1.0,1.0,0.0028734999996231636,960.25390625,57,10
*,3,150,0.3,1.0,1.0,1.0,0.0025200000000040745,960.25390625,43,10
*,3,150,0.3,0.0,0.0,0.0,0.0029485000004569883,960.25390625,47,10
*,3,150,0.3,1.0,1.0,1.0,0.0034697000000960543,960.25390625,48,10
*,3,150,0.3,1.0,1.0,1.0,0.003460099999756494,960.2578125,43,10
*,3,150,0.3,1.0,1.0,1.0,0.003786199999922246,960.2578125,55,10
*,3,150,0.3,1.0,1.0,1.0,0.0036262000003262074,960.2578125,54,10
*,3,150,0.3,1.0,1.0,1.0,0.0034529000004113186,960.2578125,50,10
*,3,150,0.3,1.0,1.0,1.0,0.0033012000003509456,960.2578125,45,10
*,3,150,0.3,1.0,1.0,1.0,0.003240699999878416,960.2578125,46,10
*,3,150,0.3,1.0,1.0,1.0,0.003125499999441672,960.2578125,48,10
*,3,150,0.3,1.0,1.0,1.0,0.0035915000007662456,960.2578125,53,10
*,3,150,0.3,1.0,1.0,1.0,0.003386800000043877,960.2578125,48,10
*,3,150,0.3,0.0,0.0,0.0,0.0034372999998595333,960.2578125,56,10
*,3,150,0.3,1.0,1.0,1.0,0.003549800000655523,960.2578125,52,10
*,3,150,0.3,0.0,0.0,0.0,0.0032906999995248043,960.2578125,54,10
*,3,150,0.3,1.0,1.0,1.0,0.0034403999998176005,960.2578125,51,10
*,3,150,0.3,0.0,0.0,0.0,0.003034500000467233,960.2578125,49,10
*,3,150,0.3,1.0,1.0,1.0,0.0030692000000271946,960.2578125,44,10
*,3,150,0.3,1.0,1.0,1.0,0.003024500000719854,960.2578125,48,10
*,3,150,0.3,1.0,1.0,1.0,0.0031144000004132977,960.2578125,47,10
*,3,150,0.3,1.0,1.0,1.0,0.003153999999994994,960.2578125,48,10
*,3,150,0.3,1.0,1.0,1.0,0.0030738999994355254,960.2578125,48,10
*,3,150,0.3,1.0,1.0,1.0,0.004164299999501964,960.2578125,52,10
*,3,150,0.3,1.0,1.0,1.0,0.004304000000047381,960.2578125,58,10
*,3,150,0.3,1.0,1.0,1.0,0.004187100000308419,960.2578125,51,10
*,3,150,0.3,1.0,1.0,1.0,0.003885400000399386,960.2578125,51,10
*,3,150,0.3,0.0,0.0,0.0,0.0036518000006253715,960.2578125,60,10
*,3,150,0.3,1.0,1.0,1.0,0.00349129999995057,960.2578125,47,10
*,3,150,0.3,1.0,1.0,1.0,0.003380699999979697,960.2578125,49,10
*,3,150,0.3,1.0,1.0,1.0,0.0034360999998170882,960.2578125,50,10
*,3,150,0.3,1.0,1.0,1.0,0.003490799999781302,960.2578125,48,10
*,3,150,0.3,1.0,1.0,1.0,0.0029066999995848164,960.2578125,38,10
*,3,150,0.3,0.0,0.0,0.0,0.002804400000059104,960.2578125,43,10
*,3,150,0.3,1.0,1.0,1.0,0.008277800000541902,960.2578125,54,10
*,3,150,0.3,1.0,1.0,1.0,0.008328000000801694,960.2578125,50,10
*,3,150,0.3,0.0,0.0,0.0,0.002915699999903154,960.2578125,47,10
*,3,150,0.3,0.0,0.0,0.0,0.0032701000000088243,960.2578125,54,10
*,3,150,0.3,1.0,1.0,1.0,0.004458800000065821,960.2578125,52,10
*,3,150,0.3,1.0,1.0,1.0,0.0049139999991894,960.2578125,56,10
*,3,150,0.3,1.0,1.0,1.0,0.00466599999981554,960.2578125,57,10
*,3,150,0.3,0.0,0.0,0.0,0.0033061000003726804,960.2578125,52,10
*,3,150,0.3,1.0,1.0,1.0,0.0040329000003112014,960.2578125,43,10
*,3,150,0.3,0.0,0.0,0.0,0.0032393000001320615,960.2578125,52,10
*,3,150,0.3,0.0,0.0,0.0,0.0031767000000400003,960.2578125,51,10
*,3,150,0.3,1.0,1.0,1.0,0.004792499999894062,960.2578125,56,10
*,3,150,0.3,0.0,0.0,0.0,0.0035758000003625057,960.2578125,58,10
*,3,150,0.3,1.0,1.0,1.0,0.004697800000030838,960.2578125,53,10
*,3,150,0.3,1.0,1.0,1.0,0.004095000000233995,960.2578125,46,10
*,3,150,0.3,1.0,1.0,1.0,0.0039392999997289735,960.2578125,45,10
*,3,150,0.3,1.0,1.0,1.0,0.004374299999653886,960.2578125,53,10
*,3,150,0.3,1.0,1.0,1.0,0.004174200000306882,960.2578125,47,10
*,3,150,0.3,1.0,1.0,1.0,0.005227100000411156,960.2578125,50,10
*,3,150,0.3,1.0,1.0,1.0,0.004851200000302924,960.2578125,42,10
*,3,150,0.3,1.0,1.0,1.0,0.005173800000193296,960.2578125,54,10
*,3,150,0.3,1.0,1.0,1.0,0.004786700000295241,960.2578125,45,10
*,3,150,0.3,1.0,1.0,1.0,0.005828500000461645,960.2578125,47,10
*,3,150,0.3,1.0,1.0,1.0,0.005438199999844073,960.2578125,50,10
*,3,150,0.3,1.0,1.0,1.0,0.004997900000489608,960.2578125,34,10
*,3,150,0.3,1.0,1.0,1.0,0.006179500000143889,960.2578125,44,10
*,3,150,0.3,1.0,1.0,1.0,0.005114599999615166,960.2578125,36,10
*,3,150,0.3,1.0,1.0,1.0,0.006561499999406806,960.2578125,50,10
*,3,150,0.3,1.0,1.0,1.0,0.006780400000025111,960.2578125,57,10
*,3,150,0.3,1.0,1.0,1.0,0.00697909999962576,960.2578125,45,10
*,3,150,0.3,1.0,1.0,1.0,0.0068965999998908956,960.2578125,49,10
*,3,150,0.3,1.0,1.0,1.0,0.0063640999997005565,960.2578125,42,10
*,3,150,0.3,1.0,1.0,1.0,0.007349999999860302,960.2578125,52,10
*,3,150,0.3,1.0,1.0,1.0,0.007088000000294414,960.2578125,50,10
*,3,150,0.3,1.0,1.0,1.0,0.005358100000194099,960.26171875,46,10
*,3,150,0.3,1.0,1.0,1.0,0.00524900000073103,960.26171875,49,10
*,3,150,0.3,1.0,1.0,1.0,0.005575500000304601,960.26171875,55,10
*,3,150,0.3,1.0,1.0,1.0,0.0052767999995921855,960.26171875,48,10
*,3,150,0.3,1.0,1.0,1.0,0.005058499999904598,960.26171875,46,10
*,3,150,0.3,0.0,0.0,0.0,0.0031233999998221407,960.26171875,51,10
*,3,150,0.3,1.0,1.0,1.0,0.005350299999918207,960.26171875,48,10
*,3,150,0.3,0.0,0.0,0.0,0.003323699999782548,960.26171875,55,10
*,3,150,0.3,1.0,1.0,1.0,0.005406799999946088,960.26171875,56,10
*,3,150,0.3,0.0,0.0,0.0,0.0034019000004263944,960.26171875,56,10
*,3,150,0.3,1.0,1.0,1.0,0.007162800000514835,960.26171875,46,10
*,3,150,0.3,0.0,0.0,0.0,0.0033804000004238333,960.26171875,55,10
*,3,150,0.3,0.0,0.0,0.0,0.0033218999997188803,960.26171875,54,10
*,3,150,0.3,1.0,1.0,1.0,0.007908699999461533,960.26171875,63,10
*,3,150,0.3,1.0,1.0,1.0,0.007025200000498444,960.26171875,48,10
*,3,150,0.3,1.0,1.0,1.0,0.00839579999956186,960.26171875,55,10
*,3,150,0.3,1.0,1.0,1.0,0.008167199999661534,960.26171875,62,10
*,3,150,0.3,1.0,1.0,1.0,0.007494000000406231,960.26171875,46,10
*,3,150,0.3,1.0,1.0,1.0,0.007278599999153812,960.26171875,46,10
*,3,150,0.3,0.0,0.0,0.0,0.0031456000006073737,960.26171875,50,10
*,3,150,0.3,1.0,1.0,1.0,0.004928800000016054,960.26171875,44,10
*,3,150,0.3,1.0,1.0,1.0,0.005068800000117335,960.26171875,43,10
*,3,150,0.3,0.0,0.0,0.0,0.002968699999655655,960.26171875,48,10
*,3,150,0.3,1.0,1.0,1.0,0.005809100000078615,960.26171875,44,10
*,3,150,0.3,0.0,0.0,0.0,0.0028028999995513004,960.26171875,44,10
*,3,150,0.3,1.0,1.0,1.0,0.006777499999770953,960.26171875,57,10
*,3,150,0.3,1.0,1.0,1.0,0.005377999999836902,960.26171875,49,10
*,3,150,0.3,1.0,1.0,1.0,0.006208900000274298,960.26171875,54,10
*,3,150,0.3,1.0,1.0,1.0,0.00532290000046487,960.26171875,52,10
*,3,150,0.3,1.0,1.0,1.0,0.00647090000074968,960.26171875,56,10
*,3,150,0.3,1.0,1.0,1.0,0.0014298999994935002,1352.79296875,50,10
*,3,150,0.3,1.0,1.0,1.0,0.001597599999513477,1352.79296875,49,10
*,3,150,0.3,1.0,1.0,1.0,0.0014668999992863974,1352.79296875,50,10
*,3,150,0.3,1.0,1.0,1.0,0.001571200000398676,1352.79296875,45,10
*,3,150,0.3,1.0,1.0,1.0,0.0014083000005484791,1352.79296875,48,10
*,3,150,0.3,1.0,1.0,1.0,0.0015014999989944045,1352.79296875,51,10
*,3,150,0.3,1.0,1.0,1.0,0.001609400000234018,1352.79296875,54,10
*,3,150,0.3,1.0,1.0,1.0,0.0014678999996249331,1352.79296875,52,10
*,3,150,0.3,1.0,1.0,1.0,0.0014018000001669861,1352.79296875,46,10
*,3,150,0.3,1.0,1.0,1.0,0.0014511000008496922,1352.79296875,51,10
*,3,150,0.3,0.0,0.0,0.0,0.0029173000002629124,1352.79296875,47,10
*,3,150,0.3,0.0,0.0,0.0,0.0031367000010504853,1352.79296875,50,10
*,3,150,0.3,1.0,1.0,1.0,0.0018705999991652789,1352.79296875,50,10
*,3,150,0.3,0.0,0.0,0.0,0.0029071999997540843,1352.79296875,47,10
*,3,150,0.3,1.0,1.0,1.0,0.0020297999999456806,1352.79296875,54,10
*,3,150,0.3,1.0,1.0,1.0,0.0015459000005648704,1352.79296875,45,10
*,3,150,0.3,1.0,1.0,1.0,0.0014699000003020046,1352.79296875,41,10
*,3,150,0.3,1.0,1.0,1.0,0.0014858000013191486,1352.79296875,52,10
*,3,150,0.3,1.0,1.0,1.0,0.001553599999169819,1352.79296875,44,10
*,3,150,0.3,1.0,1.0,1.0,0.0015679000007366994,1352.79296875,48,10
*,3,150,0.3,1.0,1.0,1.0,0.0027384000004531117,1352.79296875,64,10
*,3,150,0.3,1.0,1.0,1.0,0.002734400000917958,1352.79296875,55,10
*,3,150,0.3,1.0,1.0,1.0,0.0026625000009516953,1352.79296875,46,10
*,3,150,0.3,1.0,1.0,1.0,0.002521500000511878,1352.79296875,51,10
*,3,150,0.3,1.0,1.0,1.0,0.0026252999996358994,1352.796875,48,10
*,3,150,0.3,1.0,1.0,1.0,0.0034980000000359723,1352.796875,47,10
*,3,150,0.3,1.0,1.0,1.0,0.0034262999997736188,1352.796875,56,10
*,3,150,0.3,1.0,1.0,1.0,0.003496600000289618,1352.796875,48,10
*,3,150,0.3,1.0,1.0,1.0,0.0032565000001341105,1352.796875,49,10
*,3,150,0.3,1.0,1.0,1.0,0.003251900001487229,1352.796875,49,10
*,3,150,0.3,1.0,1.0,1.0,0.0022348000002239132,1352.796875,52,10
*,3,150,0.3,0.0,0.0,0.0,0.0033736000004864763,1352.796875,56,10
*,3,150,0.3,0.0,0.0,0.0,0.00333890000001702,1352.796875,55,10
*,3,150,0.3,1.0,1.0,1.0,0.0020695000002888264,1352.796875,48,10
*,3,150,0.3,0.0,0.0,0.0,0.0030300999987957766,1352.796875,49,10
*,3,150,0.3,1.0,1.0,1.0,0.0027721999995264923,1352.796875,49,10
*,3,150,0.3,1.0,1.0,1.0,0.002728699999352102,1352.796875,46,10
*,3,150,0.3,1.0,1.0,1.0,0.00257420000161801,1352.796875,47,10
*,3,150,0.3,1.0,1.0,1.0,0.002743999999438529,1352.796875,50,10
*,3,150,0.3,1.0,1.0,1.0,0.0027192999987164512,1352.796875,48,10
*,3,150,0.3,1.0,1.0,1.0,0.003133700000034878,1352.796875,50,10
*,3,150,0.3,1.0,1.0,1.0,0.0036228000008122763,1352.796875,50,10
*,3,150,0.3,1.0,1.0,1.0,0.0031374999998661224,1352.796875,48,10
*,3,150,0.3,1.0,1.0,1.0,0.0031737999997858424,1352.796875,52,10
*,3,150,0.3,1.0,1.0,1.0,0.003000400000018999,1352.796875,49,10
*,3,150,0.3,1.0,1.0,1.0,0.008026299999983166,1352.796875,56,10
*,3,150,0.3,1.0,1.0,1.0,0.007026400000540889,1352.796875,41,10
*,3,150,0.3,1.0,1.0,1.0,0.006803000000218162,1352.796875,45,10
*,3,150,0.3,1.0,1.0,1.0,0.007673300000533345,1352.796875,52,10
*,3,150,0.3,1.0,1.0,1.0,0.00600279999889608,1352.796875,51,10
*,3,150,0.3,1.0,1.0,1.0,0.00268569999934698,1352.796875,50,10
*,3,150,0.3,1.0,1.0,1.0,0.0027501000004122034,1352.796875,56,10
*,3,150,0.3,1.0,1.0,1.0,0.0026543999993009493,1352.796875,50,10
*,3,150,0.3,1.0,1.0,1.0,0.0024544000007153954,1352.796875,41,10
*,3,150,0.3,1.0,1.0,1.0,0.002696999999898253,1352.796875,47,10
*,3,150,0.3,1.0,1.0,1.0,0.003389900000911439,1352.796875,50,10
*,3,150,0.3,1.0,1.0,1.0,0.003643000000010943,1352.796875,54,10
*,3,150,0.3,1.0,1.0,1.0,0.003560799999831943,1352.796875,45,10
*,3,150,0.3,1.0,1.0,1.0,0.0032702999997127336,1352.796875,43,10
*,3,150,0.3,1.0,1.0,1.0,0.0036951999991288176,1352.796875,49,10
*,3,150,0.3,1.0,1.0,1.0,0.003571600000213948,1352.796875,56,10
*,3,150,0.3,1.0,1.0,1.0,0.0033891000002768124,1352.796875,50,10
*,3,150,0.3,1.0,1.0,1.0,0.003367699999216711,1352.796875,52,10
*,3,150,0.3,1.0,1.0,1.0,0.003243199998905766,1352.796875,46,10
*,3,150,0.3,1.0,1.0,1.0,0.003130099999907543,1352.796875,43,10
*,3,150,0.3,1.0,1.0,1.0,0.0034250999997311737,1352.796875,55,10
*,3,150,0.3,0.0,0.0,0.0,0.0031633999988116557,1352.796875,50,10
*,3,150,0.3,0.0,0.0,0.0,0.003311599999506143,1352.796875,55,10
*,3,150,0.3,0.0,0.0,0.0,0.003174500001478009,1352.796875,52,10
*,3,150,0.3,1.0,1.0,1.0,0.0014959000000089873,1352.796875,53,10
*,3,150,0.3,1.0,1.0,1.0,0.0030757999993511476,1352.796875,44,10
*,3,150,0.3,1.0,1.0,1.0,0.0033411000003980007,1352.796875,54,10
*,3,150,0.3,1.0,1.0,1.0,0.0031466000000364147,1352.796875,51,10
*,3,150,0.3,1.0,1.0,1.0,0.0032923999988270225,1352.796875,50,10
*,3,150,0.3,1.0,1.0,1.0,0.002816099999108701,1352.796875,41,10
*,3,150,0.3,1.0,1.0,1.0,0.0039147999996203,1352.796875,47,10
*,3,150,0.3,1.0,1.0,1.0,0.004214599999613711,1352.796875,62,10
*,3,150,0.3,1.0,1.0,1.0,0.003533600000082515,1352.796875,40,10
*,3,150,0.3,1.0,1.0,1.0,0.003813700001046527,1352.796875,47,10
*,3,150,0.3,1.0,1.0,1.0,0.004137900001296657,1352.796875,52,10
*,3,150,0.3,1.0,1.0,1.0,0.003318099999887636,1352.796875,47,10
*,3,150,0.3,1.0,1.0,1.0,0.003481899999314919,1352.796875,49,10
*,3,150,0.3,1.0,1.0,1.0,0.0033571999993000645,1352.796875,45,10
*,3,150,0.3,1.0,1.0,1.0,0.0037843999998585787,1352.796875,57,10
*,3,150,0.3,1.0,1.0,1.0,0.00329779999992752,1352.796875,48,10
*,3,150,0.3,1.0,1.0,1.0,0.008667100000820938,1352.796875,55,10
*,3,150,0.3,1.0,1.0,1.0,0.007404400001178146,1352.796875,34,10
*,3,150,0.3,1.0,1.0,1.0,0.007360300000073039,1352.796875,50,10
*,3,150,0.3,1.0,1.0,1.0,0.007811499999661464,1352.796875,52,10
*,3,150,0.3,1.0,1.0,1.0,0.008288200000606594,1352.796875,45,10
*,3,150,0.3,1.0,1.0,1.0,0.004134499999054242,1352.796875,48,10
*,3,150,0.3,1.0,1.0,1.0,0.004098300001714961,1352.796875,48,10
*,3,150,0.3,1.0,1.0,1.0,0.004349700000602752,1352.796875,53,10
*,3,150,0.3,1.0,1.0,1.0,0.003814900001088972,1352.796875,41,10
*,3,150,0.3,1.0,1.0,1.0,0.003606099999160506,1352.796875,36,10
*,3,150,0.3,1.0,1.0,1.0,0.004181800000878866,1352.796875,40,10
*,3,150,0.3,1.0,1.0,1.0,0.005236500001046807,1352.796875,51,10
*,3,150,0.3,1.0,1.0,1.0,0.004505999999310006,1352.796875,52,10
*,3,150,0.3,1.0,1.0,1.0,0.003942600000300445,1352.796875,38,10
*,3,150,0.3,1.0,1.0,1.0,0.004454900001292117,1352.796875,44,10
*,3,150,0.3,1.0,1.0,1.0,0.00435020000077202,1352.796875,53,10
*,3,150,0.3,1.0,1.0,1.0,0.00408160000006319,1352.796875,47,10
*,3,150,0.3,1.0,1.0,1.0,0.004309500000090338,1352.796875,49,10
*,3,150,0.3,1.0,1.0,1.0,0.00521389999994426,1352.796875,47,10
*,3,150,0.3,1.0,1.0,1.0,0.004626500000085798,1352.796875,59,10
*,3,150,0.3,1.0,1.0,1.0,0.004636100000425358,1352.796875,42,10
*,3,150,0.3,1.0,1.0,1.0,0.005154299999048817,1352.796875,53,10
*,3,150,0.3,1.0,1.0,1.0,0.004999200000384008,1352.796875,46,10
*,3,150,0.3,1.0,1.0,1.0,0.005918200000451179,1352.796875,47,10
*,3,150,0.3,1.0,1.0,1.0,0.004526099999566213,1352.796875,35,10
*,3,150,0.3,1.0,1.0,1.0,0.006175600001370185,1352.796875,46,10
*,3,150,0.3,1.0,1.0,1.0,0.006266000000323402,1352.796875,50,10
*,3,150,0.3,1.0,1.0,1.0,0.005055999999967753,1352.796875,42,10
*,3,150,0.3,0.0,0.0,0.0,0.0028875000007246854,1352.796875,46,10
*,3,150,0.3,0.0,0.0,0.0,0.0032078000003821217,1352.796875,52,10
*,3,150,0.3,0.0,0.0,0.0,0.0032731999999668915,1352.796875,54,10
*,3,150,0.3,1.0,1.0,1.0,0.00681329999861191,1352.796875,54,10
*,3,150,0.3,1.0,1.0,1.0,0.007386200000837562,1352.796875,53,10
*,3,150,0.3,0.0,0.0,0.0,0.003365000000485452,1352.796875,55,10
*,3,150,0.3,0.0,0.0,0.0,0.003265600000304403,1352.796875,54,10
*,3,150,0.3,1.0,1.0,1.0,0.003013999999893713,1352.796875,51,10
*,3,150,0.3,1.0,1.0,1.0,0.004830799998671864,1352.796875,41,10
*,3,150,0.3,1.0,1.0,1.0,0.006827200000770972,1352.796875,53,10
*,3,150,0.3,1.0,1.0,1.0,0.00534700000025623,1352.796875,46,10
*,3,150,0.3,1.0,1.0,1.0,0.004793800000697956,1352.796875,42,10
*,3,150,0.3,1.0,1.0,1.0,0.005128700000568642,1352.796875,48,10
*,3,150,0.3,1.0,1.0,1.0,0.0059930000006716,1352.796875,54,10
*,3,150,0.3,1.0,1.0,1.0,0.005613699999230448,1352.796875,47,10
*,3,150,0.3,1.0,1.0,1.0,0.005474999999933061,1352.796875,52,10
*,3,150,0.3,1.0,1.0,1.0,0.00452430000041204,1352.796875,41,10
*,3,150,0.3,1.0,1.0,1.0,0.006945400000404334,1352.796875,46,10
*,3,150,0.3,0.0,0.0,0.0,0.0029964000004838454,1352.796875,49,10
*,3,150,0.3,0.0,0.0,0.0,0.0027418000008765375,1352.796875,44,10
*,3,150,0.3,1.0,1.0,1.0,0.0072191999988717726,1352.796875,48,10
*,3,150,0.3,1.0,1.0,1.0,0.00713490000089223,1352.796875,46,10
*,3,150,0.3,1.0,1.0,1.0,0.00704790000054345,1352.796875,41,10
*,3,150,0.3,1.0,1.0,1.0,0.007556699998531258,1352.796875,51,10
*,3,150,0.3,1.0,1.0,1.0,0.006720800000039162,1352.796875,41,10
*,3,150,0.3,1.0,1.0,1.0,0.007029699998383876,1352.796875,54,10
*,3,150,0.3,1.0,1.0,1.0,0.007991200000105891,1352.796875,59,10
*,3,150,0.3,1.0,1.0,1.0,0.005224200000156998,1352.796875,51,10
*,3,150,0.3,1.0,1.0,1.0,0.006139500001154374,1352.796875,51,10
*,3,150,0.3,1.0,1.0,1.0,0.004992700000002515,1352.796875,49,10
*,3,150,0.3,1.0,1.0,1.0,0.005809000000226661,1352.796875,50,10
*,3,150,0.3,1.0,1.0,1.0,0.005675800000972231,1352.796875,55,10
*,3,150,0.3,1.0,1.0,1.0,0.006574299999556388,1352.796875,56,10
*,3,150,0.3,1.0,1.0,1.0,0.006504099999801838,1352.796875,53,10
*,3,150,0.3,1.0,1.0,1.0,0.006077200001527672,1352.796875,48,10
*,3,150,0.3,1.0,1.0,1.0,0.005023099998652469,1352.796875,43,10
*,3,150,0.3,1.0,1.0,1.0,0.005248100000244449,1352.796875,44,10
